[
  {"url":"https://joeslist.neocities.org","title":"JOE'S LIST OF COOL SHIT","description":"Explore Cool Websites, Watch Videos & More","category":"Lifestyle","thumbnail":"https://api.thumbnail.ws/api/ab9428d76163a3003d66118d95fd3ea1981a2c34ddd1/thumbnail/get?url=joeslist.neocities.org"},
 {"url":"https://industrydirectory.mjbizdaily.com/","title":"MJBiz Industry Directory","description":"Business directory for cannabis suppliers & industry services by category.","category":"Lifestyle","thumbnail":"https://api.thumbnail.ws/api/ab9428d76163a3003d66118d95fd3ea1981a2c34ddd1/thumbnail/get?url=mjbizdirectory.com"},
 {"url":"https://blog.cannabis-seed.us","title":"Cannabis Blog","description":"Tips, tricks, and news","category":"Lifestyle","thumbnail":"https://api.thumbnail.ws/api/ab9428d76163a3003d66118d95fd3ea1981a2c34ddd1/thumbnail/get?url=blog.cannabis-seed.us"},
  {"url":"https://cannabis-seed.us","title":"Cannabis Seed US - Premium Genetics","description":"Explore high-quality cannabis seeds sourced from the best breeders in the US. Perfect for collectors and enthusiasts.","category":"Lifestyle","thumbnail":"https://api.thumbnail.ws/api/ab9428d76163a3003d66118d95fd3ea1981a2c34ddd1/thumbnail/get?url=cannabis-seed.us"},
  {"url":"https://spliffroller.com","title":"Spliff Roller - Roll Like a Pro","description":"Guides, gear, and tips for rolling perfect spliffs every time.","category":"Lifestyle","thumbnail":"https://api.thumbnail.ws/api/ab9428d76163a3003d66118d95fd3ea1981a2c34ddd1/thumbnail/get?url=spliffroller.com"},
  {"url":"https://www.apartmenttherapy.com","title":"Apartment Therapy","description":"Home design and lifestyle inspiration for every room.","category":"Lifestyle","thumbnail":"https://api.thumbnail.ws/api/ab9428d76163a3003d66118d95fd3ea1981a2c34ddd1/thumbnail/get?url=apartmenttherapy.com"},
  {"url":"https://www.smittenkitchen.com","title":"Smitten Kitchen","description":"Delicious recipes and cooking tips for everyday home chefs.","category":"Lifestyle","thumbnail":"https://api.thumbnail.ws/api/ab9428d76163a3003d66118d95fd3ea1981a2c34ddd1/thumbnail/get?url=smittenkitchen.com"},
  {"url":"https://www.lifehacker.com","title":"Lifehacker","description":"Tips, tricks, and hacks to improve productivity and life.","category":"Lifestyle","thumbnail":"https://api.thumbnail.ws/api/ab9428d76163a3003d66118d95fd3ea1981a2c34ddd1/thumbnail/get?url=lifehacker.com"},
  {"url":"https://www.seedsman.com/us-en/","title":"Seedsman Cannabis Seeds","description":"High-quality cannabis seeds from global breeders, fast delivery across the USA, free seeds with orders.","category":"Lifestyle","thumbnail":"https://api.thumbnail.ws/api/ab9428d76163a3003d66118d95fd3ea1981a2c34ddd1/thumbnail/get?url=seedsman.com"},
  {"url":"https://theseedfair.com/","title":"The Seed Fair","description":"Premium cannabis seeds (1200+ strains) including classics like Granddaddy Purple, shipping across USA, Europe & Canada.","category":"Lifestyle","thumbnail":"https://api.thumbnail.ws/api/ab9428d76163a3003d66118d95fd3ea1981a2c34ddd1/thumbnail/get?url=theseedfair.com"},
  {"url":"https://www.northatlanticseed.com/","title":"North Atlantic Seed Co.","description":"Award-winning US online seed shop ('Best Online Seed Shop USA' 2024 & 2025), Ethos genetics, loyalty deals, BOGO offers.","category":"Lifestyle","thumbnail":"https://api.thumbnail.ws/api/ab9428d76163a3003d66118d95fd3ea1981a2c34ddd1/thumbnail/get?url=northatlanticseed.com"}
]