[
  


  {
    "type": "video",
    "title": "Daybreakers (2009)",
    "url": "https://www.youtube.com/watch?v=7dUvxAMlwaQ",
    "description": "In a world overrun by vampires, a researcher works to save humanity from extinction.",
    "category": "SciFi",
    "thumbnail": "https://play-lh.googleusercontent.com/0aGHMmAlSthzSw41XYaR62aUx0LXcdCbLVUlbfU-2vtJFEj4BR1Unmd6tQGPhymNDLlZ"
  },
  {
    "type": "video",
    "title": "ALTER Scary Movies",
    "url": "https://www.youtube.com/watch?v=ieWEsxh3R6c",
    "description": "Enjoy cult classic franchises, iconic feature films, and spooky series.",
    "category": "HORROR CHANNEL",
    "thumbnail": "https://yt3.ggpht.com/ytc/AIdro_nvukPiKytmmvpXJ4vx2V6V9t-pgUbaStgqFxbN1M4eD9g=s48-c-k-c0x00ffffff-no-rj"
  },
  {
    "type": "video",
    "title": "Who's There? (Goosebumps)",
    "url": "https://www.youtube.com/watch?v=F62KXQCiC-s",
    "description": "A single father hears his daughter come home late and begins to question if the voice he’s hearing is really hers... or something else.",
    "category": "GOOSEBUMPS",
    "thumbnail": "https://yt3.ggpht.com/ytc/AIdro_nvukPiKytmmvpXJ4vx2V6V9t-pgUbaStgqFxbN1M4eD9g=s48-c-k-c0x00ffffff-no-rj"
  },
  {
      "type": "video",
    "title": "THE FLASH (2023)",
    "url": "https://tubitv.com/movies/100037768/the-flash",
    "description": "While trying to use his super speed to save his family in the past, the Flash inadvertently alters the universe and must race to save the future!",
    "category": "SUPER HERO MOVIES",
    "thumbnail": "https://m.media-amazon.com/images/M/MV5BNzQ3YjhiOTAtOWZjNC00Yzk3LTk0NDAtNGQ1OTAyMGQ0ZjllXkEyXkFqcGdeQVRoaXJkUGFydHlJbmdlc3Rpb25Xb3JrZmxvdw@@._V1_.jpg"
  },
  {
    "type": "video",
    "title": "Night of the Living Dead (1968) - Full Movie",
    "url": "https://www.youtube.com/watch?v=H91BxkBXttE",
    "description": "George A. Romero's landmark zombie film — a group barricades a farmhouse while the dead surround them.",
    "category": "HORROR CLASSIC",
    "thumbnail": "https://img.youtube.com/vi/H91BxkBXttE/hqdefault.jpg"
  },
  {
    "type": "video",
    "title": "Plan 9 from Outer Space (1959) - Full Movie",
    "url": "https://www.youtube.com/watch?v=-zNSQmS2gls",
    "description": "Ed Wood's famously infamously-assembled sci-fi/horror cult film where aliens resurrect the dead.",
    "category": "SciFi MOVIE",
    "thumbnail": "https://img.youtube.com/vi/-zNSQmS2gls/hqdefault.jpg"
  },
  {
    "type": "video",
    "title": "Nosferatu (1922) - Full Silent Film",
    "url": "https://www.youtube.com/watch?v=FC6jFoYm3xs",
    "description": "F.W. Murnau's expressionist vampire classic — one of cinema's earliest horror masterpieces.",
    "category": "HORROR CLASSIC",
    "thumbnail": "https://img.youtube.com/vi/FC6jFoYm3xs/hqdefault.jpg"
  },
  {
    "type": "video",
    "title": "The Cabinet of Dr. Caligari (1920) - Full Movie",
    "url": "https://www.youtube.com/watch?v=zV00ylxcwXw",
    "description": "German expressionist thriller about a hypnotist and his somnambulist — a foundational horror/psychological film.",
    "category": "HORROR / CLASSIC",
    "thumbnail": "https://img.youtube.com/vi/zV00ylxcwXw/hqdefault.jpg"
  },
  {
    "type": "video",
    "title": "The Phantom of the Opera (1925) - Full Movie",
    "url": "https://www.youtube.com/watch?v=_dPClZCaiXc",
    "description": "Lon Chaney stars as the disfigured Phantom in this silent-era Universal horror classic.",
    "category": "HORROR CLASSIC",
    "thumbnail": "https://img.youtube.com/vi/_dPClZCaiXc/hqdefault.jpg"
  },
  {
    "type": "video",
    "title": "The Last Man on Earth (1964) - Full Movie",
    "url": "https://www.youtube.com/watch?v=hAfT_wQMRhI",
    "description": "Vincent Price stars in this early I Am Legend adaptation — bleak post-apocalyptic sci-fi horror.",
    "category": "SciFi MOVIE",
    "thumbnail": "https://img.youtube.com/vi/hAfT_wQMRhI/hqdefault.jpg"
  },
  {
    "type": "video",
    "title": "ALTER — LIVE: Scary Movies All Day (ALTER channel stream/playlist)",
    "url": "https://www.youtube.com/watch?v=ieWEsxh3R6c",
    "description": "ALTER channel — curated horror short films and scheduled full-day horror broadcasts (shorts & premieres).",
    "category": "HORROR CHANNEL",
    "thumbnail": "https://img.youtube.com/vi/ieWEsxh3R6c/hqdefault.jpg"
  },
  {
    "type": "video",
    "title": "Are You Afraid of the Dark? — Full Episode (classic episode upload)",
    "url": "https://www.youtube.com/watch?v=VcFP8UnCRaw",
    "description": "Classic '90s kids' horror anthology episode (Midnight Society) — available as full-episode uploads on YouTube.",
    "category": "GOOSEBUMPS / KIDS HORROR",
    "thumbnail": "https://img.youtube.com/vi/VcFP8UnCRaw/hqdefault.jpg"
  },
  {
    "type": "video",
    "title": "ALTER — Horror Short Film 'Progeny' (online short)",
    "url": "https://www.youtube.com/watch?v=dt4Nz-69_Yk",
    "description": "ALTER short 'Progeny' — curated short film (psychological / body-horror themes).",
    "category": "HORROR SHORT",
    "thumbnail": "https://img.youtube.com/vi/dt4Nz-69_Yk/hqdefault.jpg"
  }
 


]
